<?xml version="1.0" encoding="UTF-8"?>
<batchList>
 <batch>
  <TransactionRef>
            TR1
        </TransactionRef>
  <TransactionType>
          Queue
        </TransactionType>
  <TransactionNumber>
           TN01
        </TransactionNumber>
  <FirstName>
           Nivi
        </FirstName>
  <LastName>
          Kundem
        </LastName>
  <Amount>
            10
        </Amount>
 </batch>
 <batch>
  <TransactionRef>
            TR2
        </TransactionRef>
  <TransactionType>
          Queue
        </TransactionType>
  <TransactionNumber>
           TN02
        </TransactionNumber>
  <FirstName>
           N2
        </FirstName>
  <LastName>
          Kundem
        </LastName>
  <Amount>
            20
        </Amount>
 </batch>
 <batch>
  <TransactionRef>
            TR3
        </TransactionRef>
  <TransactionType>
          Queue
        </TransactionType>
  <TransactionNumber>
           TN03
        </TransactionNumber>
  <FirstName>
           N3
        </FirstName>
  <LastName>
          K
        </LastName>
  <Amount>
            50
        </Amount>
 </batch>
</batchList>