<?xml version="1.0" encoding="UTF-8"?>

<mule xmlns:jms="http://www.mulesoft.org/schema/mule/jms"
	xmlns:ftp="http://www.mulesoft.org/schema/mule/ee/ftp"
xmlns:http="http://www.mulesoft.org/schema/mule/http"
xmlns:ws="http://www.mulesoft.org/schema/mule/ws"
xmlns:smtp="http://www.mulesoft.org/schema/mule/smtp"
xmlns:db="http://www.mulesoft.org/schema/mule/db"
xmlns:jdbc-ee="http://www.mulesoft.org/schema/mule/ee/jdbc"
xmlns:file="http://www.mulesoft.org/schema/mule/file"
xmlns:context="http://www.springframework.org/schema/context"
xmlns="http://www.mulesoft.org/schema/mule/core" xmlns:doc="http://www.mulesoft.org/schema/mule/documentation"
xmlns:spring="http://www.springframework.org/schema/beans" 
xmlns:xsi="http://www.w3.org/2001/XMLSchema-instance"
xsi:schemaLocation="http://www.mulesoft.org/schema/mule/jms http://www.mulesoft.org/schema/mule/jms/current/mule-jms.xsd
http://www.mulesoft.org/schema/mule/ee/ftp http://www.mulesoft.org/schema/mule/ee/ftp/current/mule-ftp-ee.xsd
http://www.mulesoft.org/schema/mule/http http://www.mulesoft.org/schema/mule/http/current/mule-http.xsd
http://www.mulesoft.org/schema/mule/ws http://www.mulesoft.org/schema/mule/ws/current/mule-ws.xsd
http://www.mulesoft.org/schema/mule/smtp http://www.mulesoft.org/schema/mule/smtp/current/mule-smtp.xsd
http://www.mulesoft.org/schema/mule/db http://www.mulesoft.org/schema/mule/db/current/mule-db.xsd
http://www.mulesoft.org/schema/mule/ee/jdbc http://www.mulesoft.org/schema/mule/ee/jdbc/current/mule-jdbc-ee.xsd
http://www.mulesoft.org/schema/mule/file http://www.mulesoft.org/schema/mule/file/current/mule-file.xsd
http://www.springframework.org/schema/context http://www.springframework.org/schema/context/spring-context-current.xsd
http://www.springframework.org/schema/beans http://www.springframework.org/schema/beans/spring-beans-current.xsd
http://www.mulesoft.org/schema/mule/core http://www.mulesoft.org/schema/mule/core/current/mule.xsd">


	<context:property-placeholder location="classpath:General.properties,classpath:ESBData.properties,classpath:Email.properties,classpath:BP.properties"/>

	<file:connector name="CSVInput" autoDelete="true" streaming="true" validateConnections="true" doc:name="CSVInput" fileAge="${BP.fileage}" pollingFrequency="${BP.filepollfreq}"/>


	<db:mysql-config name="ESBDBDatabase" host="${DB.host}" port="${DB.port}" user="${DB.user}" password="${DB.password}" database="${DB.database}" doc:name="MySQL Configuration"/>
	<smtp:connector name="SMTP" contentType="text/plain" validateConnections="true" doc:name="SMTP"/>
	<smtp:gmail-connector name="Gmail" contentType="text/plain" fromAddress="${Email.sendFrom}" validateConnections="true" doc:name="Gmail"/>

	<ws:consumer-config name="Web_Service_Consumer" wsdlLocation="${BP.wsdl}" service="BPSWS" port="BPSPort" serviceAddress="${BP.wsdl}" doc:name="Web Service Consumer"/>

	<http:polling-connector name="HTTP_Polling" cookieSpec="netscape" validateConnections="true" pollingFrequency="60000" sendBufferSize="0" receiveBufferSize="0" receiveBacklog="0" clientSoTimeout="10000" serverSoTimeout="10000" socketSoLinger="0" doc:name="HTTP Polling"/>

	<ftp:connector name="FTP" pollingFrequency="1000" validateConnections="true" doc:name="FTP">
	<reconnect-forever/>
	</ftp:connector>
	<http:request-config name="HTTP_Request_Configuration" host="localhost" port="8080" doc:name="HTTP Request Configuration"/>


    <jms:activemq-connector name="BP_JMS_Q" brokerURL="${JMTOutbound.BPjmsqueueurl}" validateConnections="false" doc:name="Active MQ BP" password="${JMTOutbound.password}" username="${JMTOutbound.username}">
    <spring:property name="returnOriginalMessageAsReply" value="true"/>
    <spring:property name="disableTemporaryReplyToDestinations" value="true"/>
    <reconnect-forever frequency="${JMTOutbound.jmsreconnectionfrequency}"/>
    </jms:activemq-connector>
    

    
</mule>
